ì˙ït,îÑè„ã‡äz,óàãqêî
"8/1",131288,257
"8/2",158090,315
"8/3",78299,158
"8/4",74846,147
"8/5",52882,112
"8/6",60900,112
"8/7",66080,104
"8/8",156807,306
"8/9",154497,280
"8/10",89355,156
"8/11",44060,101
"8/12",80405,177
"8/13",82576,166
"8/14",55683,116
"8/15",119498,238
"8/16",130824,238
"8/17",65178,124
"8/18",65706,141
"8/19",64875,134
"8/20",65085,123
"8/21",80160,148
"8/22",117747,233
"8/23",129794,249
"8/24",67981,129
"8/25",79999,136
"8/26",85050,162
"8/27",57414,115
"8/28",68440,141
"8/29",127440,279
"8/30",120706,224
